mutant,is_WT,wt_pdb,mutant_chain,log_p_mt,log_p_wt,log_p_mt__minus__log_p_wt
L261A,False,yfv_free_v1_noise1_5_dldesign_0_dldesign_0_14_af2pred,B,-2.832296,-4.0067244,1.1744285
L262A,False,yfv_free_v1_noise1_5_dldesign_0_dldesign_0_14_af2pred,B,-3.7489266,-3.055802,-0.69312453
W263A,False,yfv_free_v1_noise1_5_dldesign_0_dldesign_0_14_af2pred,B,-5.359656,-1.8846779,-3.474978
N264A,False,yfv_free_v1_noise1_5_dldesign_0_dldesign_0_14_af2pred,B,-4.3195024,-3.069118,-1.2503843
G265A,False,yfv_free_v1_noise1_5_dldesign_0_dldesign_0_14_af2pred,B,-1.2064035,-0.5773579,-0.6290456
P266A,False,yfv_free_v1_noise1_5_dldesign_0_dldesign_0_14_af2pred,B,-4.0293574,-0.12868746,-3.90067
I267A,False,yfv_free_v1_noise1_5_dldesign_0_dldesign_0_14_af2pred,B,-4.008004,-3.2753835,-0.7326207
A268A,False,yfv_free_v1_noise1_5_dldesign_0_dldesign_0_14_af2pred,B,-3.5644736,-3.5644736,0.0
V269A,False,yfv_free_v1_noise1_5_dldesign_0_dldesign_0_14_af2pred,B,-1.6905931,-1.4185618,-0.2720313
L261A,False,yfv_free_v1_noise1_5_dldesign_0_dldesign_0_20_af2pred,B,-2.888701,-4.0251193,1.1364183
L262A,False,yfv_free_v1_noise1_5_dldesign_0_dldesign_0_20_af2pred,B,-3.6935272,-3.435494,-0.25803328
W263A,False,yfv_free_v1_noise1_5_dldesign_0_dldesign_0_20_af2pred,B,-5.271703,-2.8124175,-2.4592853
N264A,False,yfv_free_v1_noise1_5_dldesign_0_dldesign_0_20_af2pred,B,-2.1802037,-3.1999695,1.0197659
G265A,False,yfv_free_v1_noise1_5_dldesign_0_dldesign_0_20_af2pred,B,-3.3628964,-0.1295099,-3.2333865
P266A,False,yfv_free_v1_noise1_5_dldesign_0_dldesign_0_20_af2pred,B,-4.1121016,-0.12231173,-3.9897897
I267A,False,yfv_free_v1_noise1_5_dldesign_0_dldesign_0_20_af2pred,B,-4.3122463,-3.039806,-1.2724404
A268A,False,yfv_free_v1_noise1_5_dldesign_0_dldesign_0_20_af2pred,B,-3.5436912,-3.5436912,0.0
V269A,False,yfv_free_v1_noise1_5_dldesign_0_dldesign_0_20_af2pred,B,-2.6220717,-0.8669766,-1.7550951
L261A,False,yfv_free_v1_noise6_143_dldesign_1_dldesign_0_7_af2pred,B,-3.295421,-2.2930858,-1.0023351
L262A,False,yfv_free_v1_noise6_143_dldesign_1_dldesign_0_7_af2pred,B,-3.6854033,-4.0152555,0.3298521
W263A,False,yfv_free_v1_noise6_143_dldesign_1_dldesign_0_7_af2pred,B,-5.004529,-1.7219359,-3.2825933
N264A,False,yfv_free_v1_noise6_143_dldesign_1_dldesign_0_7_af2pred,B,-4.4450903,-4.2130766,-0.2320137
G265A,False,yfv_free_v1_noise6_143_dldesign_1_dldesign_0_7_af2pred,B,-4.025161,-0.11430889,-3.910852
P266A,False,yfv_free_v1_noise6_143_dldesign_1_dldesign_0_7_af2pred,B,-4.0629497,-0.105531394,-3.9574182
I267A,False,yfv_free_v1_noise6_143_dldesign_1_dldesign_0_7_af2pred,B,-5.33344,-1.2943566,-4.0390835
A268A,False,yfv_free_v1_noise6_143_dldesign_1_dldesign_0_7_af2pred,B,-1.2810528,-1.2810528,0.0
V269A,False,yfv_free_v1_noise6_143_dldesign_1_dldesign_0_7_af2pred,B,-3.9783382,-3.9810672,0.002728939
L260A,False,yfv_free_v1_noise0_130_dldesign_3_dldesign_0_20_af2pred,B,-2.915025,-3.478637,0.563612
L261A,False,yfv_free_v1_noise0_130_dldesign_3_dldesign_0_20_af2pred,B,-3.1865163,-2.531686,-0.6548302
W262A,False,yfv_free_v1_noise0_130_dldesign_3_dldesign_0_20_af2pred,B,-5.0100584,-2.3602831,-2.6497753
N263A,False,yfv_free_v1_noise0_130_dldesign_3_dldesign_0_20_af2pred,B,-3.1274295,-4.124184,0.99675465
G264A,False,yfv_free_v1_noise0_130_dldesign_3_dldesign_0_20_af2pred,B,-3.2050672,-0.13572092,-3.0693462
P265A,False,yfv_free_v1_noise0_130_dldesign_3_dldesign_0_20_af2pred,B,-2.7571502,-0.22718534,-2.529965
I266A,False,yfv_free_v1_noise0_130_dldesign_3_dldesign_0_20_af2pred,B,-5.4923663,-1.3900197,-4.1023464
A267A,False,yfv_free_v1_noise0_130_dldesign_3_dldesign_0_20_af2pred,B,-2.3807855,-2.3807855,0.0
V268A,False,yfv_free_v1_noise0_130_dldesign_3_dldesign_0_20_af2pred,B,-1.9131457,-1.5381906,-0.37495506
L260A,False,yfv_free_v1_noise10_166_dldesign_3_dldesign_0_1_af2pred,B,-2.942847,-3.4459484,0.50310135
L261A,False,yfv_free_v1_noise10_166_dldesign_3_dldesign_0_1_af2pred,B,-3.1564221,-3.2408085,0.08438635
W262A,False,yfv_free_v1_noise10_166_dldesign_3_dldesign_0_1_af2pred,B,-5.1290755,-1.3087661,-3.8203094
N263A,False,yfv_free_v1_noise10_166_dldesign_3_dldesign_0_1_af2pred,B,-2.8130546,-3.4352612,0.6222067
G264A,False,yfv_free_v1_noise10_166_dldesign_3_dldesign_0_1_af2pred,B,-0.46783012,-2.1596272,1.691797
P265A,False,yfv_free_v1_noise10_166_dldesign_3_dldesign_0_1_af2pred,B,-2.330913,-0.3439437,-1.9869694
I266A,False,yfv_free_v1_noise10_166_dldesign_3_dldesign_0_1_af2pred,B,-3.3988452,-2.5898108,-0.80903435
A267A,False,yfv_free_v1_noise10_166_dldesign_3_dldesign_0_1_af2pred,B,-4.447418,-4.447418,0.0
V268A,False,yfv_free_v1_noise10_166_dldesign_3_dldesign_0_1_af2pred,B,-3.5873675,-3.1814065,-0.40596104
L260A,False,yfv_free_v1_noise4_105_dldesign_3_dldesign_0_19_af2pred,B,-4.029832,-2.5628953,-1.4669366
L261A,False,yfv_free_v1_noise4_105_dldesign_3_dldesign_0_19_af2pred,B,-3.5207229,-3.3256326,-0.1950903
W262A,False,yfv_free_v1_noise4_105_dldesign_3_dldesign_0_19_af2pred,B,-5.05624,-1.3198534,-3.7363868
N263A,False,yfv_free_v1_noise4_105_dldesign_3_dldesign_0_19_af2pred,B,-4.399546,-4.1533456,-0.24620056
G264A,False,yfv_free_v1_noise4_105_dldesign_3_dldesign_0_19_af2pred,B,-4.2358427,-0.09418182,-4.1416607
P265A,False,yfv_free_v1_noise4_105_dldesign_3_dldesign_0_19_af2pred,B,-3.3492599,-0.14379603,-3.205464
I266A,False,yfv_free_v1_noise4_105_dldesign_3_dldesign_0_19_af2pred,B,-5.377891,-0.8977102,-4.4801807
A267A,False,yfv_free_v1_noise4_105_dldesign_3_dldesign_0_19_af2pred,B,-4.4655495,-4.4655495,0.0
V268A,False,yfv_free_v1_noise4_105_dldesign_3_dldesign_0_19_af2pred,B,-2.5112634,-2.5344791,0.02321577
L260A,False,yfv_free_v1_noise4_105_dldesign_3_dldesign_0_20_af2pred,B,-3.9471366,-2.6809714,-1.2661653
L261A,False,yfv_free_v1_noise4_105_dldesign_3_dldesign_0_20_af2pred,B,-3.3098953,-3.3223014,0.012406111
W262A,False,yfv_free_v1_noise4_105_dldesign_3_dldesign_0_20_af2pred,B,-5.004304,-1.1188416,-3.8854623
N263A,False,yfv_free_v1_noise4_105_dldesign_3_dldesign_0_20_af2pred,B,-4.836364,-3.5804284,-1.2559354
G264A,False,yfv_free_v1_noise4_105_dldesign_3_dldesign_0_20_af2pred,B,-4.866247,-0.07921682,-4.78703
P265A,False,yfv_free_v1_noise4_105_dldesign_3_dldesign_0_20_af2pred,B,-2.7309222,-0.18829682,-2.5426254
I266A,False,yfv_free_v1_noise4_105_dldesign_3_dldesign_0_20_af2pred,B,-5.4118514,-1.4569278,-3.9549236
A267A,False,yfv_free_v1_noise4_105_dldesign_3_dldesign_0_20_af2pred,B,-4.379983,-4.379983,0.0
V268A,False,yfv_free_v1_noise4_105_dldesign_3_dldesign_0_20_af2pred,B,-2.0553694,-2.310514,0.2551446
L254A,False,yfv_free_v1_noise2_38_dldesign_3_dldesign_0_6_af2pred,B,-3.7743497,-3.6528802,-0.1214695
L255A,False,yfv_free_v1_noise2_38_dldesign_3_dldesign_0_6_af2pred,B,-3.2282944,-2.9600034,-0.268291
W256A,False,yfv_free_v1_noise2_38_dldesign_3_dldesign_0_6_af2pred,B,-4.4305916,-3.4118114,-1.0187802
N257A,False,yfv_free_v1_noise2_38_dldesign_3_dldesign_0_6_af2pred,B,-3.358748,-3.207655,-0.151093
G258A,False,yfv_free_v1_noise2_38_dldesign_3_dldesign_0_6_af2pred,B,-5.0672355,-0.080859445,-4.986376
P259A,False,yfv_free_v1_noise2_38_dldesign_3_dldesign_0_6_af2pred,B,-2.0741596,-1.2374028,-0.8367568
I260A,False,yfv_free_v1_noise2_38_dldesign_3_dldesign_0_6_af2pred,B,-5.133136,-3.5519576,-1.5811782
A261A,False,yfv_free_v1_noise2_38_dldesign_3_dldesign_0_6_af2pred,B,-2.1352363,-2.1352363,0.0
V262A,False,yfv_free_v1_noise2_38_dldesign_3_dldesign_0_6_af2pred,B,-1.4078448,-1.5087556,0.10091078
L254A,False,yfv_free_v1_noise2_38_dldesign_3_dldesign_0_7_af2pred,B,-3.422278,-4.3449855,0.92270756
L255A,False,yfv_free_v1_noise2_38_dldesign_3_dldesign_0_7_af2pred,B,-3.67612,-3.405037,-0.27108312
W256A,False,yfv_free_v1_noise2_38_dldesign_3_dldesign_0_7_af2pred,B,-4.0532146,-3.04067,-1.0125446
N257A,False,yfv_free_v1_noise2_38_dldesign_3_dldesign_0_7_af2pred,B,-3.7398136,-2.4476693,-1.2921443
G258A,False,yfv_free_v1_noise2_38_dldesign_3_dldesign_0_7_af2pred,B,-5.473394,-0.07530324,-5.398091
P259A,False,yfv_free_v1_noise2_38_dldesign_3_dldesign_0_7_af2pred,B,-1.8799009,-0.6075822,-1.2723187
I260A,False,yfv_free_v1_noise2_38_dldesign_3_dldesign_0_7_af2pred,B,-5.119321,-3.1766455,-1.9426754
A261A,False,yfv_free_v1_noise2_38_dldesign_3_dldesign_0_7_af2pred,B,-2.3351645,-2.3351645,0.0
V262A,False,yfv_free_v1_noise2_38_dldesign_3_dldesign_0_7_af2pred,B,-1.7637771,-1.8469414,0.083164215
L254A,False,yfv_free_v1_noise2_38_dldesign_3_dldesign_0_9_af2pred,B,-3.8846538,-3.900828,0.016174078
L255A,False,yfv_free_v1_noise2_38_dldesign_3_dldesign_0_9_af2pred,B,-3.1777537,-3.3498008,0.17204714
W256A,False,yfv_free_v1_noise2_38_dldesign_3_dldesign_0_9_af2pred,B,-4.826703,-2.2963643,-2.5303388
N257A,False,yfv_free_v1_noise2_38_dldesign_3_dldesign_0_9_af2pred,B,-3.6014175,-2.1888905,-1.4125271
G258A,False,yfv_free_v1_noise2_38_dldesign_3_dldesign_0_9_af2pred,B,-5.2529545,-0.07823129,-5.174723
P259A,False,yfv_free_v1_noise2_38_dldesign_3_dldesign_0_9_af2pred,B,-1.5108843,-1.3542962,-0.15658808
I260A,False,yfv_free_v1_noise2_38_dldesign_3_dldesign_0_9_af2pred,B,-4.944388,-3.725441,-1.2189469
A261A,False,yfv_free_v1_noise2_38_dldesign_3_dldesign_0_9_af2pred,B,-2.6183288,-2.6183288,0.0
V262A,False,yfv_free_v1_noise2_38_dldesign_3_dldesign_0_9_af2pred,B,-2.0214767,-1.6522748,-0.3692019
L254A,False,yfv_free_v1_noise4_18_dldesign_1_dldesign_0_1_af2pred,B,-2.9616246,-3.4350257,0.47340107
L255A,False,yfv_free_v1_noise4_18_dldesign_1_dldesign_0_1_af2pred,B,-3.7437851,-3.3037941,-0.439991
W256A,False,yfv_free_v1_noise4_18_dldesign_1_dldesign_0_1_af2pred,B,-5.097699,-1.4640785,-3.6336207
N257A,False,yfv_free_v1_noise4_18_dldesign_1_dldesign_0_1_af2pred,B,-2.8461356,-2.7844834,-0.061652184
G258A,False,yfv_free_v1_noise4_18_dldesign_1_dldesign_0_1_af2pred,B,-2.074763,-3.2398274,1.1650643
P259A,False,yfv_free_v1_noise4_18_dldesign_1_dldesign_0_1_af2pred,B,-3.8005257,-0.120406315,-3.6801193
I260A,False,yfv_free_v1_noise4_18_dldesign_1_dldesign_0_1_af2pred,B,-3.8558278,-2.6421285,-1.2136993
A261A,False,yfv_free_v1_noise4_18_dldesign_1_dldesign_0_1_af2pred,B,-1.5191915,-1.5191915,0.0
V262A,False,yfv_free_v1_noise4_18_dldesign_1_dldesign_0_1_af2pred,B,-3.8125648,-2.2998035,-1.5127614
L254A,False,yfv_free_v1_noise4_18_dldesign_1_dldesign_0_10_af2pred,B,-3.0991268,-3.188621,0.08949423
L255A,False,yfv_free_v1_noise4_18_dldesign_1_dldesign_0_10_af2pred,B,-3.4967473,-3.1620395,-0.33470774
W256A,False,yfv_free_v1_noise4_18_dldesign_1_dldesign_0_10_af2pred,B,-4.770718,-2.112599,-2.6581192
N257A,False,yfv_free_v1_noise4_18_dldesign_1_dldesign_0_10_af2pred,B,-3.951297,-3.9268315,-0.02446556
G258A,False,yfv_free_v1_noise4_18_dldesign_1_dldesign_0_10_af2pred,B,-2.2137513,-4.4458814,2.23213
P259A,False,yfv_free_v1_noise4_18_dldesign_1_dldesign_0_10_af2pred,B,-3.484504,-0.14508608,-3.339418
I260A,False,yfv_free_v1_noise4_18_dldesign_1_dldesign_0_10_af2pred,B,-4.5259542,-2.7063346,-1.8196197
A261A,False,yfv_free_v1_noise4_18_dldesign_1_dldesign_0_10_af2pred,B,-1.7285547,-1.7285547,0.0
V262A,False,yfv_free_v1_noise4_18_dldesign_1_dldesign_0_10_af2pred,B,-4.0766807,-1.7257826,-2.350898
L254A,False,yfv_free_v1_noise4_18_dldesign_1_dldesign_0_12_af2pred,B,-2.9659848,-3.4789093,0.51292443
L255A,False,yfv_free_v1_noise4_18_dldesign_1_dldesign_0_12_af2pred,B,-3.6576424,-3.1571248,-0.5005176
W256A,False,yfv_free_v1_noise4_18_dldesign_1_dldesign_0_12_af2pred,B,-4.978268,-1.8433174,-3.1349506
N257A,False,yfv_free_v1_noise4_18_dldesign_1_dldesign_0_12_af2pred,B,-4.3298597,-2.8591878,-1.4706719
G258A,False,yfv_free_v1_noise4_18_dldesign_1_dldesign_0_12_af2pred,B,-0.73355794,-3.64814,2.914582
P259A,False,yfv_free_v1_noise4_18_dldesign_1_dldesign_0_12_af2pred,B,-3.283401,-0.14399898,-3.139402
I260A,False,yfv_free_v1_noise4_18_dldesign_1_dldesign_0_12_af2pred,B,-3.8261757,-2.7237084,-1.1024673
A261A,False,yfv_free_v1_noise4_18_dldesign_1_dldesign_0_12_af2pred,B,-1.8184826,-1.8184826,0.0
V262A,False,yfv_free_v1_noise4_18_dldesign_1_dldesign_0_12_af2pred,B,-4.014007,-1.7631992,-2.2508078
L254A,False,yfv_free_v1_noise4_18_dldesign_1_dldesign_0_17_af2pred,B,-3.0796382,-3.1463234,0.0666852
L255A,False,yfv_free_v1_noise4_18_dldesign_1_dldesign_0_17_af2pred,B,-3.6782475,-2.742811,-0.9354365
W256A,False,yfv_free_v1_noise4_18_dldesign_1_dldesign_0_17_af2pred,B,-4.627593,-2.178351,-2.449242
N257A,False,yfv_free_v1_noise4_18_dldesign_1_dldesign_0_17_af2pred,B,-4.2425423,-4.0421624,-0.20037985
G258A,False,yfv_free_v1_noise4_18_dldesign_1_dldesign_0_17_af2pred,B,-2.123066,-4.199767,2.0767012
P259A,False,yfv_free_v1_noise4_18_dldesign_1_dldesign_0_17_af2pred,B,-2.8267913,-0.19947554,-2.6273158
I260A,False,yfv_free_v1_noise4_18_dldesign_1_dldesign_0_17_af2pred,B,-3.842128,-2.8822138,-0.9599142
A261A,False,yfv_free_v1_noise4_18_dldesign_1_dldesign_0_17_af2pred,B,-3.1411436,-3.1411436,0.0
V262A,False,yfv_free_v1_noise4_18_dldesign_1_dldesign_0_17_af2pred,B,-3.9292374,-2.1400208,-1.7892165
L254A,False,yfv_free_v1_noise4_18_dldesign_1_dldesign_0_20_af2pred,B,-3.4751487,-2.9300885,-0.54506016
L255A,False,yfv_free_v1_noise4_18_dldesign_1_dldesign_0_20_af2pred,B,-3.5271277,-3.1951807,-0.3319471
W256A,False,yfv_free_v1_noise4_18_dldesign_1_dldesign_0_20_af2pred,B,-4.584308,-2.5709558,-2.0133524
N257A,False,yfv_free_v1_noise4_18_dldesign_1_dldesign_0_20_af2pred,B,-3.5906703,-3.4490013,-0.14166903
G258A,False,yfv_free_v1_noise4_18_dldesign_1_dldesign_0_20_af2pred,B,-1.207263,-3.421409,2.214146
P259A,False,yfv_free_v1_noise4_18_dldesign_1_dldesign_0_20_af2pred,B,-4.0275154,-0.116645694,-3.9108696
I260A,False,yfv_free_v1_noise4_18_dldesign_1_dldesign_0_20_af2pred,B,-3.7369416,-2.098476,-1.6384656
A261A,False,yfv_free_v1_noise4_18_dldesign_1_dldesign_0_20_af2pred,B,-1.3851106,-1.3851106,0.0
V262A,False,yfv_free_v1_noise4_18_dldesign_1_dldesign_0_20_af2pred,B,-3.857736,-1.8973354,-1.9604007
L254A,False,yfv_free_v1_noise9_189_dldesign_0_dldesign_0_10_af2pred,B,-4.055295,-2.75673,-1.2985649
L255A,False,yfv_free_v1_noise9_189_dldesign_0_dldesign_0_10_af2pred,B,-3.78135,-2.890287,-0.891063
W256A,False,yfv_free_v1_noise9_189_dldesign_0_dldesign_0_10_af2pred,B,-5.130193,-2.732605,-2.3975883
N257A,False,yfv_free_v1_noise9_189_dldesign_0_dldesign_0_10_af2pred,B,-3.1412559,-2.2985022,-0.84275365
G258A,False,yfv_free_v1_noise9_189_dldesign_0_dldesign_0_10_af2pred,B,-1.6342224,-1.8342705,0.20004809
P259A,False,yfv_free_v1_noise9_189_dldesign_0_dldesign_0_10_af2pred,B,-1.7517593,-1.0452932,-0.7064661
I260A,False,yfv_free_v1_noise9_189_dldesign_0_dldesign_0_10_af2pred,B,-4.9314547,-2.3151493,-2.6163054
A261A,False,yfv_free_v1_noise9_189_dldesign_0_dldesign_0_10_af2pred,B,-1.7686987,-1.7686987,0.0
V262A,False,yfv_free_v1_noise9_189_dldesign_0_dldesign_0_10_af2pred,B,-2.2210712,-1.3866727,-0.8343985
L254A,False,yfv_free_v1_noise9_189_dldesign_0_dldesign_0_12_af2pred,B,-3.9580016,-2.847897,-1.1101046
L255A,False,yfv_free_v1_noise9_189_dldesign_0_dldesign_0_12_af2pred,B,-3.709507,-2.997773,-0.71173406
W256A,False,yfv_free_v1_noise9_189_dldesign_0_dldesign_0_12_af2pred,B,-5.1360183,-3.2770913,-1.858927
N257A,False,yfv_free_v1_noise9_189_dldesign_0_dldesign_0_12_af2pred,B,-2.7441595,-2.9293687,0.18520927
G258A,False,yfv_free_v1_noise9_189_dldesign_0_dldesign_0_12_af2pred,B,-2.7655706,-3.098731,0.3331604
P259A,False,yfv_free_v1_noise9_189_dldesign_0_dldesign_0_12_af2pred,B,-2.7798762,-2.2437975,-0.5360787
I260A,False,yfv_free_v1_noise9_189_dldesign_0_dldesign_0_12_af2pred,B,-2.7656932,-3.9888463,1.2231531
A261A,False,yfv_free_v1_noise9_189_dldesign_0_dldesign_0_12_af2pred,B,-1.8637311,-1.8637311,0.0
V262A,False,yfv_free_v1_noise9_189_dldesign_0_dldesign_0_12_af2pred,B,-2.3929274,-0.8903554,-1.5025721
L254A,False,yfv_free_v1_noise9_189_dldesign_0_dldesign_0_13_af2pred,B,-3.8006783,-2.9993658,-0.80131245
L255A,False,yfv_free_v1_noise9_189_dldesign_0_dldesign_0_13_af2pred,B,-3.8314366,-3.197542,-0.6338947
W256A,False,yfv_free_v1_noise9_189_dldesign_0_dldesign_0_13_af2pred,B,-5.1968,-2.7734408,-2.4233594
N257A,False,yfv_free_v1_noise9_189_dldesign_0_dldesign_0_13_af2pred,B,-2.5881028,-2.519398,-0.06870484
G258A,False,yfv_free_v1_noise9_189_dldesign_0_dldesign_0_13_af2pred,B,-2.4547124,-2.0472884,-0.40742397
P259A,False,yfv_free_v1_noise9_189_dldesign_0_dldesign_0_13_af2pred,B,-1.1333545,-1.0672245,-0.06613004
I260A,False,yfv_free_v1_noise9_189_dldesign_0_dldesign_0_13_af2pred,B,-4.441297,-1.3385944,-3.1027026
A261A,False,yfv_free_v1_noise9_189_dldesign_0_dldesign_0_13_af2pred,B,-0.72796005,-0.72796005,0.0
V262A,False,yfv_free_v1_noise9_189_dldesign_0_dldesign_0_13_af2pred,B,-2.268827,-1.6179584,-0.65086854
L254A,False,yfv_free_v1_noise9_189_dldesign_0_dldesign_0_15_af2pred,B,-4.386069,-2.576559,-1.8095098
L255A,False,yfv_free_v1_noise9_189_dldesign_0_dldesign_0_15_af2pred,B,-3.8938947,-2.988875,-0.90501976
W256A,False,yfv_free_v1_noise9_189_dldesign_0_dldesign_0_15_af2pred,B,-5.1853228,-2.7224345,-2.4628882
N257A,False,yfv_free_v1_noise9_189_dldesign_0_dldesign_0_15_af2pred,B,-3.1557734,-2.446301,-0.7094724
G258A,False,yfv_free_v1_noise9_189_dldesign_0_dldesign_0_15_af2pred,B,-1.4750884,-2.276749,0.80166054
P259A,False,yfv_free_v1_noise9_189_dldesign_0_dldesign_0_15_af2pred,B,-2.8624454,-2.4756792,-0.3867662
I260A,False,yfv_free_v1_noise9_189_dldesign_0_dldesign_0_15_af2pred,B,-3.8828425,-2.3603315,-1.522511
A261A,False,yfv_free_v1_noise9_189_dldesign_0_dldesign_0_15_af2pred,B,-1.3399764,-1.3399764,0.0
V262A,False,yfv_free_v1_noise9_189_dldesign_0_dldesign_0_15_af2pred,B,-1.8764709,-0.897929,-0.9785419
L254A,False,yfv_free_v1_noise9_189_dldesign_0_dldesign_0_16_af2pred,B,-4.119712,-2.5988696,-1.5208423
L255A,False,yfv_free_v1_noise9_189_dldesign_0_dldesign_0_16_af2pred,B,-3.8047843,-2.9124713,-0.892313
W256A,False,yfv_free_v1_noise9_189_dldesign_0_dldesign_0_16_af2pred,B,-5.279495,-2.888948,-2.3905468
N257A,False,yfv_free_v1_noise9_189_dldesign_0_dldesign_0_16_af2pred,B,-3.1320796,-2.3643346,-0.767745
G258A,False,yfv_free_v1_noise9_189_dldesign_0_dldesign_0_16_af2pred,B,-2.2017913,-2.931181,0.72938967
P259A,False,yfv_free_v1_noise9_189_dldesign_0_dldesign_0_16_af2pred,B,-2.78154,-2.4416451,-0.33989477
I260A,False,yfv_free_v1_noise9_189_dldesign_0_dldesign_0_16_af2pred,B,-4.0141206,-2.8520565,-1.1620641
A261A,False,yfv_free_v1_noise9_189_dldesign_0_dldesign_0_16_af2pred,B,-1.9297215,-1.9297215,0.0
V262A,False,yfv_free_v1_noise9_189_dldesign_0_dldesign_0_16_af2pred,B,-1.9045302,-0.9565276,-0.9480026
