mutant,is_WT,wt_pdb,mutant_chain
L261A,False,yfv_free_v1_noise1_5_dldesign_0_dldesign_0_14_af2pred,B
L262A,False,yfv_free_v1_noise1_5_dldesign_0_dldesign_0_14_af2pred,B
W263A,False,yfv_free_v1_noise1_5_dldesign_0_dldesign_0_14_af2pred,B
N264A,False,yfv_free_v1_noise1_5_dldesign_0_dldesign_0_14_af2pred,B
G265A,False,yfv_free_v1_noise1_5_dldesign_0_dldesign_0_14_af2pred,B
P266A,False,yfv_free_v1_noise1_5_dldesign_0_dldesign_0_14_af2pred,B
I267A,False,yfv_free_v1_noise1_5_dldesign_0_dldesign_0_14_af2pred,B
A268A,False,yfv_free_v1_noise1_5_dldesign_0_dldesign_0_14_af2pred,B
V269A,False,yfv_free_v1_noise1_5_dldesign_0_dldesign_0_14_af2pred,B
L261A,False,yfv_free_v1_noise1_5_dldesign_0_dldesign_0_20_af2pred,B
L262A,False,yfv_free_v1_noise1_5_dldesign_0_dldesign_0_20_af2pred,B
W263A,False,yfv_free_v1_noise1_5_dldesign_0_dldesign_0_20_af2pred,B
N264A,False,yfv_free_v1_noise1_5_dldesign_0_dldesign_0_20_af2pred,B
G265A,False,yfv_free_v1_noise1_5_dldesign_0_dldesign_0_20_af2pred,B
P266A,False,yfv_free_v1_noise1_5_dldesign_0_dldesign_0_20_af2pred,B
I267A,False,yfv_free_v1_noise1_5_dldesign_0_dldesign_0_20_af2pred,B
A268A,False,yfv_free_v1_noise1_5_dldesign_0_dldesign_0_20_af2pred,B
V269A,False,yfv_free_v1_noise1_5_dldesign_0_dldesign_0_20_af2pred,B
L261A,False,yfv_free_v1_noise6_143_dldesign_1_dldesign_0_7_af2pred,B
L262A,False,yfv_free_v1_noise6_143_dldesign_1_dldesign_0_7_af2pred,B
W263A,False,yfv_free_v1_noise6_143_dldesign_1_dldesign_0_7_af2pred,B
N264A,False,yfv_free_v1_noise6_143_dldesign_1_dldesign_0_7_af2pred,B
G265A,False,yfv_free_v1_noise6_143_dldesign_1_dldesign_0_7_af2pred,B
P266A,False,yfv_free_v1_noise6_143_dldesign_1_dldesign_0_7_af2pred,B
I267A,False,yfv_free_v1_noise6_143_dldesign_1_dldesign_0_7_af2pred,B
A268A,False,yfv_free_v1_noise6_143_dldesign_1_dldesign_0_7_af2pred,B
V269A,False,yfv_free_v1_noise6_143_dldesign_1_dldesign_0_7_af2pred,B
L260A,False,yfv_free_v1_noise0_130_dldesign_3_dldesign_0_20_af2pred,B
L261A,False,yfv_free_v1_noise0_130_dldesign_3_dldesign_0_20_af2pred,B
W262A,False,yfv_free_v1_noise0_130_dldesign_3_dldesign_0_20_af2pred,B
N263A,False,yfv_free_v1_noise0_130_dldesign_3_dldesign_0_20_af2pred,B
G264A,False,yfv_free_v1_noise0_130_dldesign_3_dldesign_0_20_af2pred,B
P265A,False,yfv_free_v1_noise0_130_dldesign_3_dldesign_0_20_af2pred,B
I266A,False,yfv_free_v1_noise0_130_dldesign_3_dldesign_0_20_af2pred,B
A267A,False,yfv_free_v1_noise0_130_dldesign_3_dldesign_0_20_af2pred,B
V268A,False,yfv_free_v1_noise0_130_dldesign_3_dldesign_0_20_af2pred,B
L260A,False,yfv_free_v1_noise10_166_dldesign_3_dldesign_0_1_af2pred,B
L261A,False,yfv_free_v1_noise10_166_dldesign_3_dldesign_0_1_af2pred,B
W262A,False,yfv_free_v1_noise10_166_dldesign_3_dldesign_0_1_af2pred,B
N263A,False,yfv_free_v1_noise10_166_dldesign_3_dldesign_0_1_af2pred,B
G264A,False,yfv_free_v1_noise10_166_dldesign_3_dldesign_0_1_af2pred,B
P265A,False,yfv_free_v1_noise10_166_dldesign_3_dldesign_0_1_af2pred,B
I266A,False,yfv_free_v1_noise10_166_dldesign_3_dldesign_0_1_af2pred,B
A267A,False,yfv_free_v1_noise10_166_dldesign_3_dldesign_0_1_af2pred,B
V268A,False,yfv_free_v1_noise10_166_dldesign_3_dldesign_0_1_af2pred,B
L260A,False,yfv_free_v1_noise4_105_dldesign_3_dldesign_0_19_af2pred,B
L261A,False,yfv_free_v1_noise4_105_dldesign_3_dldesign_0_19_af2pred,B
W262A,False,yfv_free_v1_noise4_105_dldesign_3_dldesign_0_19_af2pred,B
N263A,False,yfv_free_v1_noise4_105_dldesign_3_dldesign_0_19_af2pred,B
G264A,False,yfv_free_v1_noise4_105_dldesign_3_dldesign_0_19_af2pred,B
P265A,False,yfv_free_v1_noise4_105_dldesign_3_dldesign_0_19_af2pred,B
I266A,False,yfv_free_v1_noise4_105_dldesign_3_dldesign_0_19_af2pred,B
A267A,False,yfv_free_v1_noise4_105_dldesign_3_dldesign_0_19_af2pred,B
V268A,False,yfv_free_v1_noise4_105_dldesign_3_dldesign_0_19_af2pred,B
L260A,False,yfv_free_v1_noise4_105_dldesign_3_dldesign_0_20_af2pred,B
L261A,False,yfv_free_v1_noise4_105_dldesign_3_dldesign_0_20_af2pred,B
W262A,False,yfv_free_v1_noise4_105_dldesign_3_dldesign_0_20_af2pred,B
N263A,False,yfv_free_v1_noise4_105_dldesign_3_dldesign_0_20_af2pred,B
G264A,False,yfv_free_v1_noise4_105_dldesign_3_dldesign_0_20_af2pred,B
P265A,False,yfv_free_v1_noise4_105_dldesign_3_dldesign_0_20_af2pred,B
I266A,False,yfv_free_v1_noise4_105_dldesign_3_dldesign_0_20_af2pred,B
A267A,False,yfv_free_v1_noise4_105_dldesign_3_dldesign_0_20_af2pred,B
V268A,False,yfv_free_v1_noise4_105_dldesign_3_dldesign_0_20_af2pred,B
L254A,False,yfv_free_v1_noise2_38_dldesign_3_dldesign_0_6_af2pred,B
L255A,False,yfv_free_v1_noise2_38_dldesign_3_dldesign_0_6_af2pred,B
W256A,False,yfv_free_v1_noise2_38_dldesign_3_dldesign_0_6_af2pred,B
N257A,False,yfv_free_v1_noise2_38_dldesign_3_dldesign_0_6_af2pred,B
G258A,False,yfv_free_v1_noise2_38_dldesign_3_dldesign_0_6_af2pred,B
P259A,False,yfv_free_v1_noise2_38_dldesign_3_dldesign_0_6_af2pred,B
I260A,False,yfv_free_v1_noise2_38_dldesign_3_dldesign_0_6_af2pred,B
A261A,False,yfv_free_v1_noise2_38_dldesign_3_dldesign_0_6_af2pred,B
V262A,False,yfv_free_v1_noise2_38_dldesign_3_dldesign_0_6_af2pred,B
L254A,False,yfv_free_v1_noise2_38_dldesign_3_dldesign_0_7_af2pred,B
L255A,False,yfv_free_v1_noise2_38_dldesign_3_dldesign_0_7_af2pred,B
W256A,False,yfv_free_v1_noise2_38_dldesign_3_dldesign_0_7_af2pred,B
N257A,False,yfv_free_v1_noise2_38_dldesign_3_dldesign_0_7_af2pred,B
G258A,False,yfv_free_v1_noise2_38_dldesign_3_dldesign_0_7_af2pred,B
P259A,False,yfv_free_v1_noise2_38_dldesign_3_dldesign_0_7_af2pred,B
I260A,False,yfv_free_v1_noise2_38_dldesign_3_dldesign_0_7_af2pred,B
A261A,False,yfv_free_v1_noise2_38_dldesign_3_dldesign_0_7_af2pred,B
V262A,False,yfv_free_v1_noise2_38_dldesign_3_dldesign_0_7_af2pred,B
L254A,False,yfv_free_v1_noise2_38_dldesign_3_dldesign_0_9_af2pred,B
L255A,False,yfv_free_v1_noise2_38_dldesign_3_dldesign_0_9_af2pred,B
W256A,False,yfv_free_v1_noise2_38_dldesign_3_dldesign_0_9_af2pred,B
N257A,False,yfv_free_v1_noise2_38_dldesign_3_dldesign_0_9_af2pred,B
G258A,False,yfv_free_v1_noise2_38_dldesign_3_dldesign_0_9_af2pred,B
P259A,False,yfv_free_v1_noise2_38_dldesign_3_dldesign_0_9_af2pred,B
I260A,False,yfv_free_v1_noise2_38_dldesign_3_dldesign_0_9_af2pred,B
A261A,False,yfv_free_v1_noise2_38_dldesign_3_dldesign_0_9_af2pred,B
V262A,False,yfv_free_v1_noise2_38_dldesign_3_dldesign_0_9_af2pred,B
L254A,False,yfv_free_v1_noise4_18_dldesign_1_dldesign_0_1_af2pred,B
L255A,False,yfv_free_v1_noise4_18_dldesign_1_dldesign_0_1_af2pred,B
W256A,False,yfv_free_v1_noise4_18_dldesign_1_dldesign_0_1_af2pred,B
N257A,False,yfv_free_v1_noise4_18_dldesign_1_dldesign_0_1_af2pred,B
G258A,False,yfv_free_v1_noise4_18_dldesign_1_dldesign_0_1_af2pred,B
P259A,False,yfv_free_v1_noise4_18_dldesign_1_dldesign_0_1_af2pred,B
I260A,False,yfv_free_v1_noise4_18_dldesign_1_dldesign_0_1_af2pred,B
A261A,False,yfv_free_v1_noise4_18_dldesign_1_dldesign_0_1_af2pred,B
V262A,False,yfv_free_v1_noise4_18_dldesign_1_dldesign_0_1_af2pred,B
L254A,False,yfv_free_v1_noise4_18_dldesign_1_dldesign_0_10_af2pred,B
L255A,False,yfv_free_v1_noise4_18_dldesign_1_dldesign_0_10_af2pred,B
W256A,False,yfv_free_v1_noise4_18_dldesign_1_dldesign_0_10_af2pred,B
N257A,False,yfv_free_v1_noise4_18_dldesign_1_dldesign_0_10_af2pred,B
G258A,False,yfv_free_v1_noise4_18_dldesign_1_dldesign_0_10_af2pred,B
P259A,False,yfv_free_v1_noise4_18_dldesign_1_dldesign_0_10_af2pred,B
I260A,False,yfv_free_v1_noise4_18_dldesign_1_dldesign_0_10_af2pred,B
A261A,False,yfv_free_v1_noise4_18_dldesign_1_dldesign_0_10_af2pred,B
V262A,False,yfv_free_v1_noise4_18_dldesign_1_dldesign_0_10_af2pred,B
L254A,False,yfv_free_v1_noise4_18_dldesign_1_dldesign_0_12_af2pred,B
L255A,False,yfv_free_v1_noise4_18_dldesign_1_dldesign_0_12_af2pred,B
W256A,False,yfv_free_v1_noise4_18_dldesign_1_dldesign_0_12_af2pred,B
N257A,False,yfv_free_v1_noise4_18_dldesign_1_dldesign_0_12_af2pred,B
G258A,False,yfv_free_v1_noise4_18_dldesign_1_dldesign_0_12_af2pred,B
P259A,False,yfv_free_v1_noise4_18_dldesign_1_dldesign_0_12_af2pred,B
I260A,False,yfv_free_v1_noise4_18_dldesign_1_dldesign_0_12_af2pred,B
A261A,False,yfv_free_v1_noise4_18_dldesign_1_dldesign_0_12_af2pred,B
V262A,False,yfv_free_v1_noise4_18_dldesign_1_dldesign_0_12_af2pred,B
L254A,False,yfv_free_v1_noise4_18_dldesign_1_dldesign_0_17_af2pred,B
L255A,False,yfv_free_v1_noise4_18_dldesign_1_dldesign_0_17_af2pred,B
W256A,False,yfv_free_v1_noise4_18_dldesign_1_dldesign_0_17_af2pred,B
N257A,False,yfv_free_v1_noise4_18_dldesign_1_dldesign_0_17_af2pred,B
G258A,False,yfv_free_v1_noise4_18_dldesign_1_dldesign_0_17_af2pred,B
P259A,False,yfv_free_v1_noise4_18_dldesign_1_dldesign_0_17_af2pred,B
I260A,False,yfv_free_v1_noise4_18_dldesign_1_dldesign_0_17_af2pred,B
A261A,False,yfv_free_v1_noise4_18_dldesign_1_dldesign_0_17_af2pred,B
V262A,False,yfv_free_v1_noise4_18_dldesign_1_dldesign_0_17_af2pred,B
L254A,False,yfv_free_v1_noise4_18_dldesign_1_dldesign_0_20_af2pred,B
L255A,False,yfv_free_v1_noise4_18_dldesign_1_dldesign_0_20_af2pred,B
W256A,False,yfv_free_v1_noise4_18_dldesign_1_dldesign_0_20_af2pred,B
N257A,False,yfv_free_v1_noise4_18_dldesign_1_dldesign_0_20_af2pred,B
G258A,False,yfv_free_v1_noise4_18_dldesign_1_dldesign_0_20_af2pred,B
P259A,False,yfv_free_v1_noise4_18_dldesign_1_dldesign_0_20_af2pred,B
I260A,False,yfv_free_v1_noise4_18_dldesign_1_dldesign_0_20_af2pred,B
A261A,False,yfv_free_v1_noise4_18_dldesign_1_dldesign_0_20_af2pred,B
V262A,False,yfv_free_v1_noise4_18_dldesign_1_dldesign_0_20_af2pred,B
L254A,False,yfv_free_v1_noise9_189_dldesign_0_dldesign_0_10_af2pred,B
L255A,False,yfv_free_v1_noise9_189_dldesign_0_dldesign_0_10_af2pred,B
W256A,False,yfv_free_v1_noise9_189_dldesign_0_dldesign_0_10_af2pred,B
N257A,False,yfv_free_v1_noise9_189_dldesign_0_dldesign_0_10_af2pred,B
G258A,False,yfv_free_v1_noise9_189_dldesign_0_dldesign_0_10_af2pred,B
P259A,False,yfv_free_v1_noise9_189_dldesign_0_dldesign_0_10_af2pred,B
I260A,False,yfv_free_v1_noise9_189_dldesign_0_dldesign_0_10_af2pred,B
A261A,False,yfv_free_v1_noise9_189_dldesign_0_dldesign_0_10_af2pred,B
V262A,False,yfv_free_v1_noise9_189_dldesign_0_dldesign_0_10_af2pred,B
L254A,False,yfv_free_v1_noise9_189_dldesign_0_dldesign_0_12_af2pred,B
L255A,False,yfv_free_v1_noise9_189_dldesign_0_dldesign_0_12_af2pred,B
W256A,False,yfv_free_v1_noise9_189_dldesign_0_dldesign_0_12_af2pred,B
N257A,False,yfv_free_v1_noise9_189_dldesign_0_dldesign_0_12_af2pred,B
G258A,False,yfv_free_v1_noise9_189_dldesign_0_dldesign_0_12_af2pred,B
P259A,False,yfv_free_v1_noise9_189_dldesign_0_dldesign_0_12_af2pred,B
I260A,False,yfv_free_v1_noise9_189_dldesign_0_dldesign_0_12_af2pred,B
A261A,False,yfv_free_v1_noise9_189_dldesign_0_dldesign_0_12_af2pred,B
V262A,False,yfv_free_v1_noise9_189_dldesign_0_dldesign_0_12_af2pred,B
L254A,False,yfv_free_v1_noise9_189_dldesign_0_dldesign_0_13_af2pred,B
L255A,False,yfv_free_v1_noise9_189_dldesign_0_dldesign_0_13_af2pred,B
W256A,False,yfv_free_v1_noise9_189_dldesign_0_dldesign_0_13_af2pred,B
N257A,False,yfv_free_v1_noise9_189_dldesign_0_dldesign_0_13_af2pred,B
G258A,False,yfv_free_v1_noise9_189_dldesign_0_dldesign_0_13_af2pred,B
P259A,False,yfv_free_v1_noise9_189_dldesign_0_dldesign_0_13_af2pred,B
I260A,False,yfv_free_v1_noise9_189_dldesign_0_dldesign_0_13_af2pred,B
A261A,False,yfv_free_v1_noise9_189_dldesign_0_dldesign_0_13_af2pred,B
V262A,False,yfv_free_v1_noise9_189_dldesign_0_dldesign_0_13_af2pred,B
L254A,False,yfv_free_v1_noise9_189_dldesign_0_dldesign_0_15_af2pred,B
L255A,False,yfv_free_v1_noise9_189_dldesign_0_dldesign_0_15_af2pred,B
W256A,False,yfv_free_v1_noise9_189_dldesign_0_dldesign_0_15_af2pred,B
N257A,False,yfv_free_v1_noise9_189_dldesign_0_dldesign_0_15_af2pred,B
G258A,False,yfv_free_v1_noise9_189_dldesign_0_dldesign_0_15_af2pred,B
P259A,False,yfv_free_v1_noise9_189_dldesign_0_dldesign_0_15_af2pred,B
I260A,False,yfv_free_v1_noise9_189_dldesign_0_dldesign_0_15_af2pred,B
A261A,False,yfv_free_v1_noise9_189_dldesign_0_dldesign_0_15_af2pred,B
V262A,False,yfv_free_v1_noise9_189_dldesign_0_dldesign_0_15_af2pred,B
L254A,False,yfv_free_v1_noise9_189_dldesign_0_dldesign_0_16_af2pred,B
L255A,False,yfv_free_v1_noise9_189_dldesign_0_dldesign_0_16_af2pred,B
W256A,False,yfv_free_v1_noise9_189_dldesign_0_dldesign_0_16_af2pred,B
N257A,False,yfv_free_v1_noise9_189_dldesign_0_dldesign_0_16_af2pred,B
G258A,False,yfv_free_v1_noise9_189_dldesign_0_dldesign_0_16_af2pred,B
P259A,False,yfv_free_v1_noise9_189_dldesign_0_dldesign_0_16_af2pred,B
I260A,False,yfv_free_v1_noise9_189_dldesign_0_dldesign_0_16_af2pred,B
A261A,False,yfv_free_v1_noise9_189_dldesign_0_dldesign_0_16_af2pred,B
V262A,False,yfv_free_v1_noise9_189_dldesign_0_dldesign_0_16_af2pred,B
